city,state
서울특별시,종로구
서울특별시,중구
서울특별시,용산구
서울특별시,성동구
서울특별시,광진구
서울특별시,동대문구
서울특별시,중랑구
서울특별시,성북구
서울특별시,강북구
서울특별시,도봉구
서울특별시,노원구
서울특별시,은평구
서울특별시,서대문구
서울특별시,마포구
서울특별시,양천구
서울특별시,강서구
서울특별시,구로구
서울특별시,금천구
서울특별시,영등포구
서울특별시,동작구
서울특별시,관악구
서울특별시,서초구
서울특별시,강남구
서울특별시,송파구
서울특별시,강동구
부산광역시,중구
부산광역시,서구
부산광역시,동구
부산광역시,영도구
부산광역시,부산진구
부산광역시,동래구
부산광역시,남구
부산광역시,북구
부산광역시,해운대구
부산광역시,사하구
부산광역시,금정구
부산광역시,강서구
부산광역시,연제구
부산광역시,수영구
부산광역시,사상구
부산광역시,기장군
대구광역시,달서구
대구광역시,달성군
대구광역시,중구
대구광역시,동구
대구광역시,서구
대구광역시,남구
대구광역시,북구
대구광역시,수성구
인천광역시,중구
인천광역시,동구
인천광역시,미추홀구
인천광역시,연수구
인천광역시,남동구
인천광역시,부평구
인천광역시,계양구
인천광역시,서구
인천광역시,강화군
인천광역시,웅진군
광주광역시,동구
광주광역시,서구
광주광역시,남구
광주광역시,북구
광주광역시,광산구
대전광역시,동구
대전광역시,중구
대전광역시,서구
대전광역시,유성구
대전광역시,대덕구
울산광역시,중구
울산광역시,남구
울산광역시,동구
울산광역시,북구
울산광역시,울주군
세종시,세종
경기도,수원장안구
경기도,수원권선구
경기도,수원팔달구
경기도,수원영통구
경기도,성남수정구
경기도,성남중원구
경기도,성남분당구
경기도,의정부
경기도,안양만안구
경기도,안양동안구
경기도,안산단원구
경기도,안산상록구
경기도,고양덕양구
경기도,고양일산동구
경기도,고양일산서구
경기도,과천
경기도,구리
경기도,남양주
경기도,오산
경기도,시흥
경기도,군포
경기도,의왕
경기도,하남
경기도,용인처인구
경기도,용인기흥구
경기도,용인수지구
경기도,파주시
경기도,이천시
경기도,안성시
경기도,김포시
경기도,화성시
경기도,광주시
경기도,양주시
경기도,포천시
경기도,여주시
경기도,연천군
경기도,가평군
경기도,양평군
강원도,춘천
강원도,원주
강원도,강릉
강원도,동해
강원도,태백
강원도,속초
강원도,삼척
강원도,홍천
강원도,횡성
강원도,영월
강원도,평창
강원도,정선
강원도,철원
강원도,화천
강원도,양구
강원도,인제
강원도,고성
강원도,양양
충청북도,청주
충청북도,제천
충청북도,보은
충청북도,옥천
충청북도,영동
충청북도,증평
충청북도,진천
충청북도,괴산
충청북도,음성
충청북도,단양
충청남도,천안
충청남도,공주
충청남도,보령
충청남도,아산
충청남도,서산
충청남도,논산
충청남도,계룡
충청남도,당진
충청남도,금산
충청남도,부여
충청남도,서천
충청남도,청양
충청남도,홍성
충청남도,예산
충청남도,태안
전라북도,전주
전라북도,군산
전라북도,익산
전라북도,정읍
전라북도,남원
전라북도,김제
전라북도,완주
전라북도,진안
전라북도,무주
전라북도,장수
전라북도,임실
전라북도,순창
전라북도,고창
전라북도,부안
전라남도,목포
전라남도,여수
전라남도,순천
전라남도,나주
전라남도,광양
전라남도,담양
전라남도,곡성
전라남도,구례
전라남도,고흥
전라남도,보성
전라남도,화순
전라남도,장흥
전라남도,강진
전라남도,해남
전라남도,영암
전라남도,무안
전라남도,함평
전라남도,영광
전라남도,장성
전라남도,완도
전라남도,진도
전라남도,신안
경상북도,포항남구
경상북도,포항북구
경상북도,경주시
경상북도,김천시
경상북도,안동시
경상북도,구미시
경상북도,영주시
경상북도,영천시
경상북도,상주시
경상북도,문경시
경상북도,경산시
경상북도,군위군
경상북도,의성군
경상북도,청송군
경상북도,영양군
경상북도,영덕군
경상북도,청도군
경상북도,고령군
경상북도,성주군
경상북도,칠곡군
경상북도,예천군
경상북도,봉화군
경상북도,울진군
경상북도,울릉군
경상남도,창원의창구
경상남도,창원성산구
경상남도,창원마산
경상남도,진해
경상남도,진주
경상남도,통영
경상남도,사천
경상남도,김해
경상남도,밀양
경상남도,거제
경상남도,양산
경상남도,의령
경상남도,함안
경상남도,창녕
경상남도,고성
경상남도,남해
경상남도,하동
경상남도,산청
경상남도,함양
경상남도,거창
경상남도,합천
제주특별시,제주
제주특별시,서귀포