species,breeds
강아지,골든 리트리버
강아지,그레이하운드
강아지,그린란드견
강아지,글렌 오브 이말 테리어
강아지,기슈견
강아지,나폴리탄 마스티프
강아지,노르웨지안 부훈트
강아지,노르웨이 엘크 하운드
강아지,노리치 테리어
강아지,노바 스코셔 덕 톨링 레트리버
강아지,노퍽 테리어
강아지,뉴펀들랜드
강아지,닥스훈트
강아지,달마시안
강아지,댄디 딘몬트 테리어
강아지,도고 까나리오
강아지,도고 아르헨티노
강아지,도그 드 보르도
강아지,도베르만 핀셔
강아지,도사견
강아지,동경이
강아지,라고토 로마뇰로
강아지,라사압소
강아지,라페이로 도 알렌테조
강아지,라포니안 허더
강아지,래브라도 리트리버
강아지,레온베르거
강아지,레이크랜드 테리어
강아지,로디지아 리지백
강아지,루이지애나 레오파드 도그(카타훌라)
강아지,로첸
강아지,로트와일러
강아지,마스티프
강아지,맨체스터 테리어
강아지,말티즈
강아지,미니어처 불 테리어
강아지,미니어처 슈나우저
강아지,미니어처 핀셔
강아지,말티푸
강아지,바센지
강아지,바셋 하운드
강아지,버니즈 마운틴 도그
강아지,베들링턴 테리어
강아지,발바리
강아지,벨기에 말리노이즈
강아지,벨기에 테뷰런
강아지,벨지안 그리펀
강아지,벨지언 쉽독 (벨지언 셰퍼드)
강아지,보더콜리
강아지,보더 테리어
강아지,보르도 마스티프
강아지,보르조이
강아지,보비에 드 플랜더스
강아지,보스롱
강아지,보스턴 테리어
강아지,복서
강아지,볼로네즈
강아지,불개
강아지,불도그
강아지,불리 쿠타
강아지,불 마스티프
강아지,불 테리어
강아지,브뤼셀 그리펀
강아지,브리어드
강아지,브리타니
강아지,블랙 러시안 테리어
강아지,블랙 앤드 탄 쿤하운드
강아지,블러드 하운드
강아지,비글
강아지,비숑 프리제
강아지,비어디드 콜리
강아지,비즐라
강아지,빠삐용(견종)
강아지,사모예드
강아지,사플라니낙
강아지,살루키
강아지,삽살개
강아지,샤페이
강아지,서식스 스패니얼
강아지,세인트 버나드
강아지,셰틀랜드 쉽독
강아지,소프트 코티드 휘튼 테리어
강아지,솔로이츠 쿠인틀레
강아지,스무드 폭스 테리어
강아지,스웨디쉬 발훈트
강아지,스카이 테리어
강아지,스코티시 디어하운드
강아지,스코티시 테리어
강아지,스키퍼키
강아지,스태퍼드셔 불 테리어
강아지,스탠더드 슈나우저
강아지,스패니쉬 그레이 하운드
강아지,스패니쉬 마스티프
강아지,스피노네 이탈리아노
강아지,스피츠
강아지,시고르자브종
강아지,시바 이누
강아지,시베리언 허스키
강아지,시추
강아지,시코쿠견
강아지,실리엄 테리어
강아지,실키 테리어
강아지,아나톨리아 셰퍼드
강아지,아메리칸 불도그
강아지,아메리칸 불리
강아지,아메리칸 스태퍼드셔 테리어
강아지,아메리칸 아키다
강아지,아메리칸 에스키모 도그
강아지,아메리칸 인디언 도그
강아지,아메리칸 워터 스패니얼
강아지,아메리칸 코커 스패니얼
강아지,아메리칸 폭스하운드
강아지,아이디
강아지,아이리시 소프트코티드 휘튼 테리어
강아지,아이리시 레드 앤드 화이트 세터
강아지,아이리시 세터
강아지,아이리시 울프 하운드
강아지,아이리시 워터 스패니얼
강아지,아이리시 테리어
강아지,아키타
강아지,아펜핀셔
강아지,아프간 하운드
강아지,알래스칸 맬러뮤트
강아지,알래스칸 클리카이
강아지,에스트렐라 마운틴 독
강아지,에어데일 테리어
강아지,오브차카
강아지,오스트레일리안 실키 테리어
강아지,오스트레일리안 켈피
강아지,오스트레일리언 셰퍼드
강아지,오스트레일리언 캐틀 도그
강아지,오스트레일리언 테리어
강아지,오터 하운드
강아지,올드 잉글리시 쉽독
강아지,와이머라너
강아지,와이어 폭스 테리어
강아지,와이어헤어드 포인팅 그리펀
강아지,야쿠탄 라이카
강아지,요크셔 테리어
강아지,웨스트 하이랜드 화이트테리어
강아지,웰시 스프링어 스패니얼
강아지,웰시 코기
강아지,웰시 테리어
강아지,이비전 하운드
강아지,이탤리언 그레이하운드
강아지,잉글리시 세터
강아지,잉글리시 스프링어 스패니얼
강아지,잉글리시 코커 스패니얼
강아지,잉글리시 토이 스패니얼
강아지,잉글리시 폭스하운드
강아지,자이언트 슈나우저
강아지,재패니즈 친
강아지,재패니즈 스피츠
강아지,잭 러셀 테리어
강아지,저먼 셰퍼드
강아지,저먼 쇼트헤어드 포인터
강아지,저먼 와이어헤어드 포인터
강아지,저먼 핀셔
강아지,저먼 헌팅 테리어
강아지,제주개
강아지,진돗개
강아지,차우차우
강아지,차이니즈 샤페이
강아지,차이니즈 크레스티드
강아지,체서피크 베이 레트리버
강아지,체코슬로바키아 늑대개
강아지,치와와
강아지,카네 코르소
강아지,카디건 웰시 코기
강아지,카발리에 킹 찰스 스파니엘
강아지,캉갈
강아지,컬리코티드 레트리버
강아지,케리 블루 테리어
강아지,케언 테리어
강아지,케이넌 도그
강아지,케이스혼트
강아지,코리안 마스티프
강아지,코몬도르
강아지,코커 스패니얼
강아지,콜리
강아지,쿠바스
강아지,쿠이커혼제
강아지,클럼버 스패니얼
강아지,토이 폭스 테리어
강아지,티베탄 마스티프
강아지,티베탄 스패니얼
강아지,티베탄 테리어
강아지,파라오 하운드
강아지,파슨 러셀 테리어
강아지,파피용
강아지,패터데일 테리어
강아지,퍼그
강아지,페키니즈
강아지,펨브록 웰시 코기
강아지,포르투기즈 워터 도그
강아지,포메라니안
강아지,포인터
강아지,폭스 테리어
강아지,폴리시 롤런드 시프도그
강아지,폼피츠
강아지,푸들
강아지,푸미
강아지,풀리
강아지,풍산개
강아지,프렌치 불도그
강아지,프티 바세 그리퐁 방댕
강아지,플랫코티드 레트리버
강아지,플롯 하운드
강아지,피니시 스피츠
강아지,피레니안 마스티프
강아지,피레니안 쉽독
강아지,피레니언 셰퍼드
강아지,필드 스패니얼
강아지,필라 브라질레이로
강아지,핏 불 테리어
강아지,해리어
강아지,하바니즈
강아지,홋카이도 이누
강아지,휘핏
강아지,기타
고양이,아비시니안
고양이,에게
고양이,아메리칸 밥테일
고양이,아메리칸 컬
고양이,아메리칸 링테일
고양이,아메리칸 쇼트헤어
고양이,아메리칸 와이어헤어
고양이,아나톨리
고양이,키프로스
고양이,키프로스 아프로디테
고양이,아라비안 마우
고양이,아시안
고양이,티파니
고양이,오스트레일리안 미스트
고양이,오스트레일리안 티파니
고양이,바레인 딜문
고양이,발리니즈
고양이,밤비노
고양이,벵갈
고양이,버먼
고양이,봄베이
고양이,브램블
고양이,브라질리안 쇼트헤어
고양이,브리티시 롱헤어
고양이,브리티시 쇼트헤어
고양이,버미즈
고양이,버밀라
고양이,캘리포니아 스팽글드
고양이,세일론
고양이,샹틸리 티파니
고양이,샤르트뢰
고양이,쵸시
고양이,페르시안 친칠라
고양이,치토
고양이,컬러포인트 쇼트헤어
고양이,코니시 렉스
고양이,킴릭
고양이,데본 렉스
고양이,돈스코이
고양이,드래곤 리
고양이,엘프
고양이,드웰프
고양이,이집션 마우
고양이,유러피안 쇼트헤어
고양이,이그저틱 쇼트헤어
고양이,이그저틱 롱헤어
고양이,폴덱스
고양이,포린 화이트
고양이,제네타
고양이,저먼 렉스
고양이,하바나 브라운
고양이,하일랜더
고양이,히말라얀
고양이,재그
고양이,재패니즈 밥테일
고양이,자바니즈
고양이,정글밥
고양이,카나니
고양이,카렐리안 밥테일
고양이,카슈미르
고양이,카오 마니
고양이,킨카로우
고양이,코호나
고양이,코랏
고양이,콘 자
고양이,쿠릴리안 밥테일
고양이,램킨
고양이,라펌
고양이,라이코이
고양이,메인쿤
고양이,말레이시아
고양이,만달레이
고양이,맹크스
고양이,메콩 밥테일
고양이,민스킨
고양이,미뉴에트
고양이,모하비밥
고양이,모하비 점무늬
고양이,먼치킨
고양이,네벨룽
고양이,네팔라얀
고양이,네바마스커레이드
고양이,뉴질랜드
고양이,노르웨이 숲
고양이,오시캣
고양이,오호스 아즐레스
고양이,오리건 렉스
고양이,오리엔탈 바이컬러
고양이,오리엔탈 롱헤어
고양이,오리엔탈 쇼트헤어
고양이,오위히 밥
고양이,페르시안
고양이,트래디셔널 페르시안
고양이,팬서렛
고양이,피터볼드
고양이,픽시 밥
고양이,라가머핀
고양이,랙돌
고양이,라아스
고양이,러시안 블루
고양이,러시안 화이트/블랙/태비
고양이,사파리
고양이,샘 사웨트
고양이,사바나
고양이,스코티시 폴드
고양이,셀커크 렉스
고양이,세렝게티
고양이,세라데 쁘띠
고양이,세이셸
고양이,샴
고양이,시벨라
고양이,시베리안
고양이,싱가푸라
고양이,스쿠쿰
고양이,스노우슈
고양이,소코케
고양이,소말리
고양이,스핑크스
고양이,수팔락
고양이,테네시 렉스
고양이,타이
고양이,타이 라일락
고양이,티베탄
고양이,통키니즈
고양이,토이밥
고양이,토이거
고양이,터키시 앙고라
고양이,터키시 반
고양이,반
고양이,유크레이니언 레브코이
고양이,우랄 렉스
고양이,우수리
고양이,요크 초콜릿
고양이,기타
포유류,
조류,
파충류,
어류,
양서류,
설치류,
기타,